{
 "products": [
    {
       "name": "Java Programming",
       "imgPath": "img/products/Java.png",
       "id": 1,
       "price": 800,
       "description": "An quick introduction to Java",
       "date": "#javaSch"
       
    },
    {
       "name": "HTML Programming",
       "imgPath": "img/products/Html.png",
       "id": 2,
       "price": 700,
       "description": "An dummy proof guide to HTML",
       "date": "#htmlSch"
    },
    {
       "name": ".NET Programming",
       "imgPath": "img/products/Net.png",
       "id": 3,
       "price": 850,
       "description": "A step by step guide to .NET Programming",
       "date": "#dotNETSch"
    },
    {
       "name": "MS Office",
       "imgPath": "img/products/Msoffice.png",
       "id": 4,
       "price": 600,
       "description": "Use of MS office and shortcuts",
       "date": "#msofficeSch"
    }
]
}
